"id","name","cid","images","tags","spec","price"
"1","景德镇御雅堂手绘8头青花荷花莲蓬茶具","1","1.jpg","1,4","","350"
"2","景德镇御雅堂手绘青花釉下彩荷花鳜鱼茶叶罐《和为贵》","7","IMG_20190531_112113.jpg","1,4,5","","350"
"3","景德镇御雅堂手绘釉下彩山水茶壶","2","IMG_20191028_111527.jpg","1,3","15*8","180"
"4","景德镇御雅堂手绘青花釉下彩山水三才杯盖碗","8","IMG_20191028_111630.jpg","1,3","12*9","180"
"5","景德镇御雅堂手绘青花釉下彩菊花竹子花瓶《双清》","5","IMG_20191119_100933.jpg","1,7,8","","880"
"6","景德镇御雅堂手绘青花釉下彩山水笔筒","10","IMG_20191224_114523.jpg","1,3","","180"
"7","景德镇御雅堂手绘青花釉下彩山水笔筒","10","IMG_20191224_114806.jpg","1,3","","180"
"8","景德镇御雅堂手绘青花釉下彩荷花茶壶","2","IMG_20200711_102449.jpg","1,4","13*10","180"
"9","景德镇御雅堂手绘青花釉下彩菊花茶具《延年》","1","IMG_20200711_104228.jpg","1,7","","350"
"10","景德镇御雅堂手绘青花荷花鳜鱼三才杯盖碗《和为贵》","8","IMG_20200711_105004.jpg","1,4,5","","180"
"11","景德镇御雅堂手绘釉下彩牡丹三才杯盖碗","8","IMG_20200711_105227.jpg","1,6","","180"
"20","景德镇御雅堂手绘青花釉下彩荷花笔洗","12","IMG_20200722_102156.jpg","1,4","20*9","280"
"21","景德镇御雅堂手绘青花釉下彩山水笔洗","12","IMG_20200722_101925.jpg","1,3","20*9","280"
"22","景德镇御雅堂手绘青花釉下彩竹子茶具","1","IMG_20200712_103730.jpg","1,8","","350"
"23","景德镇御雅堂手绘青花釉下彩牡丹茶具","1","IMG_20200712_104012.jpg","1,6","","350"
"24","景德镇御雅堂手绘青花仿古缠枝莲纹水滴花瓶","5","1615620163488..jpg","1,11","44*9","260"
"25","景德镇御雅堂手绘青花仿古缠枝莲纹梅瓶瓶","5","16156204323345261147962246696050.jpg","1,11","30*12","260"
"26","景德镇御雅堂手绘釉下彩荷花鳜鱼茶盘《和为贵》","11","16156205701555570002148774331750.jpg","1,4,5","44*14","350"
"27","景德镇御雅堂手绘青花釉下彩山水茶盘","11","16156208121393300305576450233575.jpg","1,3","32*18","350"
"28","景德镇御雅堂手绘青花釉下彩山水茶盘","11","16156210230535784283841080533979.jpg","1,3","44*14","350"
"29","景德镇御雅堂手绘青花釉下彩茶盘《有余》","11","16156212288048292159276925521525.jpg","1,13","37*12","350"
"30","景德镇御雅堂手绘青花釉下彩葡萄茶叶罐《丰硕》","7","16156217350056234172254028819357.jpg","1,10","13*15","260"
"31","景德镇御雅堂手绘青花釉下彩菊花茶叶罐《延年》","7","16156218956515967889692895210336.jpg","1,7","13*13","260"
"32","景德镇御雅堂手绘青花釉下彩山水茶叶罐","7","16156221551536955367881944481222.jpg","1,3","14*12","260"
"33","景德镇御雅堂手绘青花釉下彩兰花茶叶罐《幽香》","7","16156223233318369092539950945211.jpg","1,9","15*10","260"
"34","景德镇御雅堂手绘青花釉下彩山水茶盘","11","16156230479028064297605343231629.jpg","1,3","30*17","350"
"35","景德镇御雅堂手绘青花釉下彩竹子茶盘《竹报平安》","11","16156231885401577437134120923763.jpg","1,8","32*18","350"
"36","景德镇御雅堂手绘青花釉下彩牡丹茶盘《国色》","11","16156233736154232061508965681282.jpg","1,6","32*18","350"
"37","景德镇御雅堂手绘青花釉下彩牡丹茶盘《国色》","11","16156235250358558697525879887003.jpg","1,6","44*14","350"
"38","景德镇御雅堂手绘青花釉下彩菊花茶盘《延年》","11","16156236805677955751477924529248.jpg","1,7","37*12","350"
"39","景德镇御雅堂手绘青花釉下彩竹子茶盘《竹报平安》","11","IMG_20200712_102234.jpg","1,8","30*17","350"
"40","景德镇御雅堂手绘青花釉下彩牡丹茶具","1","IMG_20200712_104828.jpg","1,6","","350"
"41","景德镇御雅堂手绘青花釉下彩葡萄花瓶《丰硕》","5","IMG_20200722_094233.jpg","1,10","","180"
"42","景德镇御雅堂手绘青花釉下彩竹子茶叶罐","7","IMG_20200722_095014.jpg","1,8","","260"
"43","景德镇御雅堂手绘青花釉下彩荷花鳜鱼茶叶罐","7","IMG_20200722_095112.jpg","1,4,5","","260"
"44","景德镇御雅堂手绘青花釉下彩菊花花瓶","5","IMG_20200722_095223.jpg","1,7","","260"
"45","景德镇御雅堂手绘150件青花釉下彩梅花花瓶","5","IMG_20200722_100116.jpg","1,12","","480"
"46","景德镇御雅堂手绘青花釉下彩金鱼笔洗《有余》","12","IMG_20200722_100411.jpg","1,13","","180"
"47","景德镇御雅堂手绘150件青花釉下彩荷花鳜鱼花瓶《和为贵》","5","IMG_20200722_100614.jpg","1,4,5","","480"
"48","景德镇御雅堂手绘青花釉下彩山水梅瓶","5","IMG_20200722_101212.jpg","1,3","","480"
"49","景德镇御雅堂手绘青花釉下彩山水花瓶","5","IMG_20200722_101303.jpg","1,3","","480"
"50","景德镇御雅堂手绘青花釉下彩牡丹花瓶","5","IMG_20200722_101721.jpg","1,6","","380"
"51","景德镇御雅堂手绘青花釉下彩竹子单杯","3","IMG_20200918_151453.jpg","1,8","","180"
"52","景德镇御雅堂手绘青花釉下彩牡丹单杯","3","IMG_20200918_151401.jpg","1,6","","180"
"53","景德镇御雅堂手绘青花釉下彩菊花单杯","3","IMG_20200918_151443.jpg","1,7","","180"
"54","景德镇御雅堂手绘青花釉下彩兰花单杯","3","IMG_20200918_151324.jpg","1,9","","180"
"55","景德镇御雅堂手绘青花釉下彩葡萄单杯","3","IMG_20200918_151535.jpg","1,10","","180"
"56","景德镇御雅堂手绘青花釉下彩山水单杯","3","IMG_20200918_151633.jpg","1,3","","180"
"57","景德镇御雅堂手绘青花釉下彩有余单杯","3","IMG_20200918_151755.jpg","1,13","","180"
"58","景德镇御雅堂手绘青花釉下彩虾趣单杯","3","IMG_20200918_151829.jpg","1,14","","180"
"59","景德镇御雅堂手绘青花釉下彩荷花单杯","3","IMG_20200918_151917.jpg","1,4","","180"
"60","景德镇御雅堂手绘青花釉下彩梅花单杯","3","IMG_20200918_152001.jpg","1,12","","180"
"61","景德镇御雅堂手绘青花釉下彩竹子茶盘《知竹》","11","16164905565202469630731132679629.jpg","1,8","38*19","350"
"62","景德镇御雅堂手绘青花釉下彩兰花茶盘《绝尘》","11","16164907468216124520172806930685.jpg","1,9","31*19","350"
"63","景德镇御雅堂手绘釉下彩鲤鱼花瓶《有余》","5","16164910176422140758967263491324.jpg","1,13","30*14","350"
"64","景德镇御雅堂手绘青花釉下彩梅花花瓶《清香》","5","16164911967962870984820822073633.jpg","1,12","30*14","280"
"65","景德镇御雅堂手绘青花釉下彩牡丹主人杯","4","16164916092581561862221126311222.jpg","1,6","7*7","180"
"66","景德镇御雅堂手绘青花釉下彩山水主人杯","4","16164917465991151787139281139622.jpg","1,3","7*7","180"
"67","景德镇御雅堂手绘青花釉下彩菊花花瓶","5","16164920298414368583370521532410.jpg","1,7","23*9","180"
"68","景德镇御雅堂手绘青花釉下彩金鱼花瓶","5","IMG_20210323_173610.jpg","1,13","24*7","180"
"69","景德镇御雅堂手绘青花釉下彩金鱼花瓶","5","16164923474785671102209200003651.jpg","1,13","19*9","180"
"70","景德镇御雅堂手绘青花釉下彩竹子花瓶","5","1616492490471707318597475342145.jpg","1,8","24*9","180"
"71","景德镇御雅堂手绘青花釉下彩葡萄茶盘《丰硕》","11","16184767312261078508486720651184.jpg","1,10","38*20","350"
"72","景德镇御雅堂手绘青花釉下彩梅花茶盘《清香》","11","16184768731078118961008846466973.jpg","1,12","38*20","350"
"73","景德镇御雅堂手绘8头釉下彩荷花茶具","1","16184772010284355034983614979157.jpg","1,4","","350"
"74","景德镇御雅堂手绘8头釉下彩兰花茶具","1","16184773898395420194566224741043.jpg","1,9","","350"
"75","景德镇御雅堂手绘青花釉下彩荷花茶叶罐","7","16192538685662489135840080707600.jpg","1,4","23*16","480"
"76","景德镇御雅堂手绘青花釉下彩牡丹花瓶","5","16192540837113331296316813517923.jpg","1,6","46*23","680"
"77","景德镇御雅堂手绘青花釉下彩牡丹鲤鱼花瓶","5","16192542529985211671797951097905.jpg","1,5,6","43*15","680"
"78","景德镇御雅堂手绘青花釉下彩兰花花瓶《绝尘》","5","16192545953638642773019881108823.jpg","1,9","36*17","680"
"79","景德镇御雅堂手绘青花釉下彩牡丹鳜鱼花瓶","5","16192547431906958096412795749270.jpg","1,4,5","25*27","680"
"80","景德镇御雅堂手绘青花釉下彩荷花花瓶","5","16192548930947007590213065218440.jpg","1,4","41*18","680"
"81","景德镇御雅堂手绘青花釉下彩花瓶《大吉》","5","16192550299046611984127312588501.jpg","1","41*30","880"
"82","景德镇御雅堂手绘青花釉下彩花瓶《双喜临门》","5","1619255189519560166658810733340.jpg","1,12","33*33","880"
"83","景德镇御雅堂手绘青花釉下彩花瓶《知竹》","5","16192554244753289129481237019331.jpg","1,8","48*23","880"
"84","景德镇御雅堂手绘青花釉下彩花瓶《国色》","5","1619255614069743814172712300804.jpg","1,6","47*30","880"
"85","景德镇御雅堂手绘青花釉下彩花瓶《双寿》","5","1619255745059532684905967942598.jpg","1","51*22","680"
"86","景德镇御雅堂手绘青花釉下彩花瓶《报春》","5","16192559136931778682078546275450.jpg","1,12","44*25","680"
"87","景德镇御雅堂手绘8头釉下彩牡丹茶具","1","16220990114238692073193719686786.jpg","1,6","","350"
"88","景德镇御雅堂手绘8头釉下彩鳜鱼茶具","1","16220992320182826438379036008701.jpg","1,5","","350"
"89","景德镇御雅堂手绘8头釉下彩梅花茶具","1","16220997077175065570768125539204.jpg","1,12","","350"
"90","景德镇御雅堂手绘8头釉下彩葡萄茶具","1","16220999111521179321628774048417.jpg","1,10","","350"
"91","景德镇御雅堂手绘青花釉下彩茶盘《春色》","11","IMG_20210612_174015.jpg","1,3","25*25","350"
"92","景德镇御雅堂手绘青花釉下彩山水茶盘","11","IMG_20210612_174038.jpg","1,3","25*25","350"
"93","景德镇御雅堂手绘青花釉下彩山水茶盘","11","IMG_20210613_150044.jpg","1,3","30*30","450"
"94","景德镇御雅堂手绘青花釉下彩山水茶盘","11","IMG_20210613_150054.jpg","1,3","30*30","450"
"95","景德镇御雅堂手绘青花釉下彩山水茶盘","11","IMG_20210613_150102.jpg","1,3","25*25","350"
"96","景德镇御雅堂手绘青花釉下彩山水茶盘","11","IMG_20210613_150110.jpg","1,3","25*25","350"
"97","景德镇御雅堂手绘青花釉下彩山水茶盘","11","IMG_20210613_150119.jpg","1,3","25*25","350"
"98","景德镇御雅堂手绘青花釉下彩山水茶盘","11","IMG_20210613_150126.jpg","1,3","25*25","350"
"99","景德镇御雅堂手绘釉下彩荷花茶盘","11","IMG_20210613_150202.jpg","1,4,5","44*14","350"
"100","景德镇御雅堂手绘青花釉下彩山水茶盘","11","IMG_20210613_150212.jpg","1,3","44*14","350"
"101","景德镇御雅堂手绘8头釉下彩葡萄茶具","1","16237463713854886507089299539454.jpg","1,10","","350"
"102","景德镇御雅堂手绘8头釉下彩大吉茶具","1","16237465024081043689474102956128.jpg","1","","350"
"103","景德镇御雅堂手绘8头釉下彩金玉茶具","1","16237467125698279842738845192211.jpg","1,13","","350"
"104","景德镇御雅堂手绘8头釉下彩金玉茶具","1","16237468867668472814865120579325.jpg","1,13","","350"
"105","景德镇御雅堂手绘釉下彩松鹤延年茶具","1","16237471690541302429079115724245.jpg","1,17","","550"
"106","景德镇御雅堂手绘青花釉下彩牡丹茶具","1","16263345068986040966671899726784.jpg","1,6","","350"
"107","景德镇御雅堂手绘300件青花釉下彩花瓶《花开富贵》","5","16261663495102876858613648545896.jpg","1","57*26","1280"
"108","景德镇御雅堂手绘8头釉下彩荷花茶具","1","16261665439196005159940075532156.jpg","1,4","","350"
"109","景德镇御雅堂手绘8头釉下彩寿桃茶具","1","16261667508502996078663670006709.jpg","1","","350"
"110","景德镇御雅堂手绘釉下彩葡萄茶具《丰硕》","1","16320343851482753167437218460510.jpg","1,10","","350"
"111","景德镇御雅堂手绘青花釉下彩茶具《报春》","1","16320346132002226562245771497600.jpg","1","","350"
"112","景德镇御雅堂手绘青花釉下彩缸《国色》","5","16320348593914562043652182767987.jpg","1","","680"
"113","景德镇御雅堂手绘青花釉里红《国色》","5","16320349813966839664417241004333.jpg","1,6","","880"
"114","景德镇御雅堂手绘釉下彩紫藤茶具《紫气东来》","1","16324680082053917886497793532361.jpg","1,16","","350"
"115","景德镇御雅堂手绘青花釉下彩茶具《笑口常开》","1","16324681323857977317017829835375.jpg","1","","350"
"116","景德镇御雅堂手绘青花釉里红主人杯《荷韵》","4","IMG_20211119_193904.jpg","4,15","","380"
"117","景德镇御雅堂手绘青花釉里红主人杯《笑口常开》","4","IMG_20211119_193945.jpg","15,18","","380"
"118","景德镇御雅堂手绘青花釉里红主人杯《清香》","4","IMG_20211119_194001.jpg","4,15","","380"
"119","景德镇御雅堂手绘青花釉里红主人杯《归舟》","4","IMG_20211119_194017.jpg","3,15","","380"
"120","景德镇御雅堂手绘青花釉里红主人杯《山色》","4","IMG_20211119_194040.jpg","3,15","","380"
"121","景德镇御雅堂手绘青花釉里红主人杯《秋色》","4","IMG_20211119_194058.jpg","3,15","","380"
"122","景德镇御雅堂手绘青花釉里红主人杯《国色》","4","IMG_20211123_092722.jpg","6,15","","380"
"123","景德镇御雅堂手绘青花釉里红主人杯《知竹》","4","IMG_20211123_092637.jpg","8,15","","380"
"124","景德镇御雅堂手绘青花釉里红主人杯《秋色》","4","IMG_20211123_092624.jpg","3,15","","380"
"125","景德镇御雅堂手绘青花釉里红主人杯《归舟》","4","IMG_20211123_092651.jpg","3,15","","380"
"126","景德镇御雅堂手绘青花釉里红主人杯《有余》","4","IMG_20211123_092608.jpg","5,15","","380"
"127","景德镇御雅堂手绘青花釉里红主人杯《金玉》","4","IMG_20211123_092552.jpg","13,15","","380"
"128","景德镇御雅堂手绘青花釉里红主人杯《秋色》","4","IMG_20211123_092707.jpg","3,15","","380"
"129","景德镇御雅堂手绘青花釉下彩茶叶罐《知足》","7","16392039986252726726554222673140.jpg","1,8","13*16","480"
"130","景德镇御雅堂手绘青花釉下彩茶叶罐《春晖》","7","16392041468814619575580718340151.jpg","1","13*13","480"
"131","景德镇御雅堂手绘青花釉下彩茶叶罐《荷韵》","7","16392042639268976349254919835131.jpg","1,4","15*14","480"
"132","景德镇御雅堂手绘青花釉下彩茶叶罐《山色》","7","16392044668152632240417349297450.jpg","1,3","13*14","480"
"133","景德镇御雅堂手绘青花釉下彩茶叶罐《报春》","7","16392046725713494112931992058422.jpg","1,12","19*14","480"
"134","景德镇御雅堂手绘青花釉下彩茶叶罐《延年》","7","16392048012267601685350966426424.jpg","1,7","16*12","480"
"135","景德镇御雅堂手绘青花釉下彩山水套杯","1","1639205386048749072992957251314.jpg","1,3","","350"
"136","景德镇御雅堂手绘青花釉下彩山水茶具","1","16392058766314305360804520482235.jpg","1,3","","600"
"137","景德镇御雅堂手绘青花釉下彩茶叶罐《春色》","7","16392983075747272702313164544100.jpg","1,3","17*14","480"
"138","景德镇御雅堂手绘青花釉下彩茶叶罐《荷韵》","7","16392984632885438676048596607420.jpg","1,4","17*14","480"
"139","景德镇御雅堂手绘青花釉下彩茶叶罐《报春》","7","16403312649245159078033303582816.jpg","1,12","17*13","480"
"140","景德镇御雅堂手绘青花釉下彩茶叶罐《丰硕》","7","16403313712256728107347430976695.jpg","1,10","19*13","480"
"141","景德镇御雅堂手绘青花釉下彩茶叶罐《国色》","7","16403314487935169313462317654847.jpg","1,6","19*15","480"
"142","景德镇御雅堂手绘青花釉下彩茶叶罐《鱼乐》","7","16403315768117843926131659100237.jpg","1,13","19*12","480"
"143","景德镇御雅堂手绘青花釉下彩瓷板《国色》","13","1642379060096.jpg","1,6","","6666"
"155","景德镇御雅堂手绘釉下彩山水茶壶","2","p20220428_205237.jpg","1,3","","180"
"156","景德镇御雅堂手绘釉下彩山水茶壶","2","p20220416_135922.jpg","1,3","","180"
"157","景德镇御雅堂手绘釉下彩花鸟茶壶","2","p20220416_140456.jpg","1,2","","180"
"158","景德镇御雅堂手绘釉下彩牡丹茶杯","3","p20220416_164738.jpg","1,6","","180"
"159","景德镇御雅堂手绘釉下彩牡丹茶杯","3","p20220416_164917.jpg","1,6","","180"
"160","景德镇御雅堂手绘釉下彩荷花茶杯","3","p20220416_165030.jpg","1,4","","180"
"161","景德镇御雅堂手绘釉下彩菊花茶杯","3","p20220416_165128.jpg","1,7","","180"
"162","景德镇御雅堂手绘釉下彩荷花花瓶","5","p20220416_165300.jpg","1,4","","180"
"163","景德镇御雅堂手绘釉下彩牡丹花瓶","5","p20220416_165348.jpg","1,6","","180"
"164","景德镇御雅堂手绘釉下彩牡丹花瓶","5","p20220416_165548.jpg","1,6","","180"
"165","景德镇御雅堂手绘青花釉下彩梅花茶壶","2","p20220416_165712.jpg","1,12","","180"
"166","景德镇御雅堂手绘釉下彩花鸟茶壶","2","p20220416_165827.jpg","1,17","","180"
"167","景德镇御雅堂手绘釉下彩山水茶壶","2","p20220416_165934.jpg","1,3","","180"
"168","景德镇御雅堂手绘釉下彩梅花盖碗","8","p20220416_170133.jpg","1,12","","180"
"169","景德镇御雅堂手绘釉下彩荷花盖碗","8","p20220416_170240.jpg","1,4","","180"
"170","景德镇御雅堂手绘釉下彩菊花主人杯","4","p20220416_170522.jpg","1,7","","180"
"171","景德镇御雅堂手绘釉下彩牡丹主人杯","4","p20220416_170725.jpg","1,6","","180"
"172","景德镇御雅堂手绘釉下彩紫藤主人杯","4","p20220416_170823.jpg","1,16","","180"
"173","景德镇御雅堂手绘釉下彩山水主人杯","4","p20220416_170915.jpg","1,3","","180"
"174","景德镇御雅堂手绘釉下彩葡萄主人杯","4","p20220416_181300.jpg","1,10","","180"
"175","景德镇御雅堂手绘釉下彩梅花主人杯","4","p20220416_171049.jpg","1,12","","180"
"177","景德镇御雅堂手绘釉下彩葡萄主人杯","4","p20220416_171312.jpg","1,10","","180"
"194","釉下彩牡丹盖碗","8","p20220503_084219.jpg","1,6","","0"
"199","釉下彩梅花盖碗","8","p20220504_142910.jpg","1,12","","0"
"200","釉下彩梅花茶杯","3","p20220504_143112.jpg","1,12","","0"
"201","釉下彩葡萄盖碗","8","p20220504_143246.jpg","1,10","","0"
"202","釉下彩山水茶壶","2","p20220504_143453.jpg","1,3","","0"
"203","釉下彩荷花茶壶","2","p20220504_143623.jpg","1,4","","0"
"204","釉下彩葡萄茶壶","2","p20220504_143731.jpg","1,10","","0"
"205","釉下彩牡丹茶壶","2","p20220504_144053.jpg","1,6","","0"
"206","釉下彩大吉茶壶","2","p20220504_144222.jpg","1","","0"
"207","釉下彩菊花茶壶","2","p20220504_144445.jpg","1,7","","0"
"208","釉下彩竹子茶壶","2","p20220504_144649.jpg","1,8","","0"
"209","釉下彩牡丹茶壶","2","p20220504_144715.jpg","1,6","","0"
"210","釉下彩金鱼茶盘","11","p20220504_144952.jpg","1,13","","0"
"211","釉下彩荷花茶盘","11","p20220504_145050.jpg","1,4","","0"
"212","釉下彩荷花鳜鱼茶盘","11","p20220504_145118.jpg","1,4,5","","0"
"213","釉下彩山水茶盘","11","p20220504_145229.jpg","1,3","","0"
"214","釉下彩紫藤茶盘","11","p20220504_145309.jpg","1,16","","0"
"215","釉下彩菊花茶盘","11","p20220504_145343.jpg","1,7","","0"
"216","釉下彩牡丹茶盘","11","p20220504_145440.jpg","1,6","","0"
"217","釉下彩梅花茶盘","11","p20220504_145532.jpg","1,12","","0"
"218","釉下彩葡萄茶盘","11","p20220504_145608.jpg","1,10","","0"
"219","釉下彩竹子茶盘","11","p20220504_145637.jpg","1,8","","0"
"220","釉下彩梅花茶壶","2","p20220504_145750.jpg","1,12","","0"
"221","釉下彩牡丹茶壶","2","p20220504_145927.jpg","1,6","","0"
"222","釉下彩牡丹茶壶","2","p20220504_150009.jpg","1,6","","0"
"223","釉下彩紫藤茶壶","2","p20220504_150038.jpg","1,16","","0"
"224","釉下彩山水茶壶","2","p20220504_150125.jpg","1,3","","0"
"225","华彩郎红花主人杯","4","p20220527_065752.jpg","1","","0"
"226","紫屋迷恋主人杯","4","p20220527_070158.jpg","1","","0"
